{
  "reference": {
    "num_samples": 512,
    "fracture_pixel_ratio": {
      "mean": 0.319266676902771,
      "std": 0.09616066446663966,
      "median": 0.32916259765625,
      "min": 0.11419677734375,
      "max": 0.5040283203125
    },
    "num_connected_components": {
      "mean": 5.65234375,
      "std": 3.0246762441352195,
      "median": 5.0,
      "min": 1.0,
      "max": 16.0
    },
    "largest_component_ratio": {
      "mean": 0.7815705281638199,
      "std": 0.2213958341286961,
      "median": 0.8713370717295345,
      "min": 0.14491948917268185,
      "max": 1.0
    },
    "mean_component_area": {
      "mean": 1529.4064258576711,
      "std": 1531.078566239686,
      "median": 1017.9285714285714,
      "min": 173.9375,
      "max": 7876.0
    },
    "skeleton_length": {
      "mean": 1344.439453125,
      "std": 408.44161274480336,
      "median": 1377.0,
      "min": 479.0,
      "max": 2107.0
    },
    "endpoint_count": {
      "mean": 41.318359375,
      "std": 7.189009002174751,
      "median": 41.0,
      "min": 23.0,
      "max": 66.0
    },
    "junction_count": {
      "mean": 651.171875,
      "std": 238.61114612007205,
      "median": 665.0,
      "min": 90.0,
      "max": 1181.0
    },
    "hough_line_count": {
      "mean": 246.380859375,
      "std": 89.35083515564628,
      "median": 255.0,
      "min": 74.0,
      "max": 422.0
    },
    "orientation_histogram_mean": [
      0.07324401857097618,
      0.05427995480024329,
      0.05215184178698701,
      0.05240030226388183,
      0.06326400050896631,
      0.05039215298891746,
      0.0500658878806104,
      0.05623646819481886,
      0.04222687994893467,
      0.0774541730563509,
      0.05452340079137237,
      0.05108781495324098,
      0.05213100117365921,
      0.0643049733290663,
      0.05430417168665604,
      0.05169631581641555,
      0.054201490489956546,
      0.04603515175894612
    ]
  },
  "generated": {
    "num_samples": 64,
    "fracture_pixel_ratio": {
      "mean": 0.3266611099243164,
      "std": 0.08576345191731677,
      "median": 0.32208251953125,
      "min": 0.10650634765625,
      "max": 0.55401611328125
    },
    "num_connected_components": {
      "mean": 12.4375,
      "std": 4.2495404163273935,
      "median": 12.0,
      "min": 5.0,
      "max": 26.0
    },
    "largest_component_ratio": {
      "mean": 0.8734201595751048,
      "std": 0.15505197930955852,
      "median": 0.9426263899368983,
      "min": 0.36354515050167224,
      "max": 0.9938476100331283
    },
    "mean_component_area": {
      "mean": 491.76235346491086,
      "std": 230.55038575623792,
      "median": 465.63125,
      "min": 116.33333333333333,
      "max": 1162.0
    },
    "skeleton_length": {
      "mean": 1404.90625,
      "std": 372.7284835653663,
      "median": 1368.5,
      "min": 478.0,
      "max": 2457.0
    },
    "endpoint_count": {
      "mean": 47.25,
      "std": 8.415016339853418,
      "median": 47.0,
      "min": 28.0,
      "max": 74.0
    },
    "junction_count": {
      "mean": 638.3125,
      "std": 211.66961837672878,
      "median": 600.5,
      "min": 203.0,
      "max": 1294.0
    },
    "hough_line_count": {
      "mean": 275.3125,
      "std": 74.6832634781716,
      "median": 277.5,
      "min": 74.0,
      "max": 424.0
    },
    "orientation_histogram_mean": [
      0.07714259594041017,
      0.0476840505236816,
      0.04792491607456783,
      0.0557562556396155,
      0.07482150263648185,
      0.05460620757672517,
      0.048917681117881466,
      0.05005711333770054,
      0.04227272380022931,
      0.09018835747605468,
      0.061072137301440746,
      0.051885298308087635,
      0.048079429242952,
      0.05926714002983117,
      0.048278781042147174,
      0.04737035489968385,
      0.0514826323556141,
      0.04319282269689527
    ]
  },
  "comparison": {
    "fracture_pixel_ratio": {
      "real_mean": 0.319266676902771,
      "generated_mean": 0.3266611099243164,
      "absolute_mean_error": 0.00739443302154541,
      "relative_mean_error": 0.02316067828209493
    },
    "num_connected_components": {
      "real_mean": 5.65234375,
      "generated_mean": 12.4375,
      "absolute_mean_error": 6.78515625,
      "relative_mean_error": 1.2004146488783265
    },
    "largest_component_ratio": {
      "real_mean": 0.7815705281638199,
      "generated_mean": 0.8734201595751048,
      "absolute_mean_error": 0.09184963141128488,
      "relative_mean_error": 0.11751931134337727
    },
    "mean_component_area": {
      "real_mean": 1529.4064258576711,
      "generated_mean": 491.76235346491086,
      "absolute_mean_error": 1037.6440723927603,
      "relative_mean_error": 0.6784619541558933
    },
    "skeleton_length": {
      "real_mean": 1344.439453125,
      "generated_mean": 1404.90625,
      "absolute_mean_error": 60.466796875,
      "relative_mean_error": 0.04497547043416638
    },
    "endpoint_count": {
      "real_mean": 41.318359375,
      "generated_mean": 47.25,
      "absolute_mean_error": 5.931640625,
      "relative_mean_error": 0.14355944217749825
    },
    "junction_count": {
      "real_mean": 651.171875,
      "generated_mean": 638.3125,
      "absolute_mean_error": 12.859375,
      "relative_mean_error": 0.019748050389618747
    },
    "hough_line_count": {
      "real_mean": 246.380859375,
      "generated_mean": 275.3125,
      "absolute_mean_error": 28.931640625,
      "relative_mean_error": 0.11742649448182498
    },
    "orientation_l1_distance": 0.08630467119280869
  }
}