{
  "reference": {
    "num_samples": 512,
    "fracture_pixel_ratio": {
      "mean": 0.31942713260650635,
      "std": 0.09618480790987353,
      "median": 0.3289794921875,
      "min": 0.11492919921875,
      "max": 0.50543212890625
    },
    "num_connected_components": {
      "mean": 5.650390625,
      "std": 3.037017683503359,
      "median": 5.0,
      "min": 1.0,
      "max": 16.0
    },
    "largest_component_ratio": {
      "mean": 0.7818957136580675,
      "std": 0.2214724025602679,
      "median": 0.873657861277553,
      "min": 0.1441291040623261,
      "max": 1.0
    },
    "mean_component_area": {
      "mean": 1532.6158772461263,
      "std": 1532.0331062953826,
      "median": 1023.5571428571429,
      "min": 174.4375,
      "max": 7901.0
    },
    "skeleton_length": {
      "mean": 1345.568359375,
      "std": 409.04706714447406,
      "median": 1388.5,
      "min": 496.0,
      "max": 2098.0
    },
    "endpoint_count": {
      "mean": 618.490234375,
      "std": 219.20695108648488,
      "median": 630.5,
      "min": 109.0,
      "max": 1078.0
    },
    "junction_count": {
      "mean": 0.341796875,
      "std": 0.9552338830046987,
      "median": 0.0,
      "min": 0.0,
      "max": 10.0
    },
    "hough_line_count": {
      "mean": 247.603515625,
      "std": 90.13263353672399,
      "median": 254.0,
      "min": 76.0,
      "max": 415.0
    },
    "orientation_histogram_mean": [
      0.07406709364161282,
      0.05312999068954116,
      0.05121179592495884,
      0.05151370008872485,
      0.0630203561626511,
      0.050655119191972436,
      0.05088550915929007,
      0.05181470212157604,
      0.04318901773809301,
      0.08047090633713334,
      0.05440700636600815,
      0.05053148243912433,
      0.054490793584011404,
      0.06665160894501938,
      0.05465071042385135,
      0.04957229594781345,
      0.05231579609937312,
      0.04742211513924521
    ]
  },
  "generated": {
    "num_samples": 64,
    "fracture_pixel_ratio": {
      "mean": 0.3758058547973633,
      "std": 0.0682807795640213,
      "median": 0.37713623046875,
      "min": 0.14990234375,
      "max": 0.53106689453125
    },
    "num_connected_components": {
      "mean": 5.8125,
      "std": 2.9094404530768454,
      "median": 5.0,
      "min": 2.0,
      "max": 14.0
    },
    "largest_component_ratio": {
      "mean": 0.890803519334197,
      "std": 0.13042191316966556,
      "median": 0.9499336017299267,
      "min": 0.4661772417409544,
      "max": 0.9997463860005072
    },
    "mean_component_area": {
      "mean": 1401.37303269647,
      "std": 857.8213803657609,
      "median": 1244.9,
      "min": 204.66666666666666,
      "max": 3961.0
    },
    "skeleton_length": {
      "mean": 1640.40625,
      "std": 318.13959783550604,
      "median": 1643.5,
      "min": 605.0,
      "max": 2261.0
    },
    "endpoint_count": {
      "mean": 795.6875,
      "std": 187.58796894723818,
      "median": 805.5,
      "min": 247.0,
      "max": 1177.0
    },
    "junction_count": {
      "mean": 1.28125,
      "std": 1.6906798743404974,
      "median": 1.0,
      "min": 0.0,
      "max": 6.0
    },
    "hough_line_count": {
      "mean": 313.71875,
      "std": 58.649506804725135,
      "median": 316.5,
      "min": 116.0,
      "max": 434.0
    },
    "orientation_histogram_mean": [
      0.09146939745198496,
      0.04738960108535352,
      0.049281676274544,
      0.05003627023058429,
      0.058050989916561074,
      0.04929407740341817,
      0.04260148871431578,
      0.04410563843595065,
      0.03830198832048204,
      0.08155147787936015,
      0.05407884706074512,
      0.048642324783787064,
      0.051632409912535523,
      0.07246094464521986,
      0.05566328317500522,
      0.05495599076351185,
      0.06203239698922055,
      0.04845119695742028
    ]
  },
  "comparison": {
    "fracture_pixel_ratio": {
      "real_mean": 0.31942713260650635,
      "generated_mean": 0.3758058547973633,
      "absolute_mean_error": 0.056378722190856934,
      "relative_mean_error": 0.17649947255831155
    },
    "num_connected_components": {
      "real_mean": 5.650390625,
      "generated_mean": 5.8125,
      "absolute_mean_error": 0.162109375,
      "relative_mean_error": 0.028689941186694608
    },
    "largest_component_ratio": {
      "real_mean": 0.7818957136580675,
      "generated_mean": 0.890803519334197,
      "absolute_mean_error": 0.10890780567612945,
      "relative_mean_error": 0.13928686700907977
    },
    "mean_component_area": {
      "real_mean": 1532.6158772461263,
      "generated_mean": 1401.37303269647,
      "absolute_mean_error": 131.24284454965618,
      "relative_mean_error": 0.08563322780175223
    },
    "skeleton_length": {
      "real_mean": 1345.568359375,
      "generated_mean": 1640.40625,
      "absolute_mean_error": 294.837890625,
      "relative_mean_error": 0.21911773457556435
    },
    "endpoint_count": {
      "real_mean": 618.490234375,
      "generated_mean": 795.6875,
      "absolute_mean_error": 177.197265625,
      "relative_mean_error": 0.28649969841673784
    },
    "junction_count": {
      "real_mean": 0.341796875,
      "generated_mean": 1.28125,
      "absolute_mean_error": 0.939453125,
      "relative_mean_error": 2.748571348156084
    },
    "hough_line_count": {
      "real_mean": 247.603515625,
      "generated_mean": 313.71875,
      "absolute_mean_error": 66.115234375,
      "relative_mean_error": 0.26702058008119123
    },
    "orientation_l1_distance": 0.08286832265534835
  }
}