{
  "reference": {
    "num_samples": 512,
    "fracture_pixel_ratio": {
      "mean": 0.31942713260650635,
      "std": 0.09618480790987353,
      "median": 0.3289794921875,
      "min": 0.11492919921875,
      "max": 0.50543212890625
    },
    "num_connected_components": {
      "mean": 5.650390625,
      "std": 3.037017683503359,
      "median": 5.0,
      "min": 1.0,
      "max": 16.0
    },
    "largest_component_ratio": {
      "mean": 0.7818957136580675,
      "std": 0.2214724025602679,
      "median": 0.873657861277553,
      "min": 0.1441291040623261,
      "max": 1.0
    },
    "mean_component_area": {
      "mean": 1532.6158772461263,
      "std": 1532.0331062953826,
      "median": 1023.5571428571429,
      "min": 174.4375,
      "max": 7901.0
    },
    "skeleton_length": {
      "mean": 1345.568359375,
      "std": 409.04706714447406,
      "median": 1388.5,
      "min": 496.0,
      "max": 2098.0
    },
    "endpoint_count": {
      "mean": 618.490234375,
      "std": 219.20695108648488,
      "median": 630.5,
      "min": 109.0,
      "max": 1078.0
    },
    "junction_count": {
      "mean": 0.341796875,
      "std": 0.9552338830046987,
      "median": 0.0,
      "min": 0.0,
      "max": 10.0
    },
    "hough_line_count": {
      "mean": 247.603515625,
      "std": 90.13263353672399,
      "median": 254.0,
      "min": 76.0,
      "max": 415.0
    },
    "orientation_histogram_mean": [
      0.07406709364161282,
      0.05312999068954116,
      0.05121179592495884,
      0.05151370008872485,
      0.0630203561626511,
      0.050655119191972436,
      0.05088550915929007,
      0.05181470212157604,
      0.04318901773809301,
      0.08047090633713334,
      0.05440700636600815,
      0.05053148243912433,
      0.054490793584011404,
      0.06665160894501938,
      0.05465071042385135,
      0.04957229594781345,
      0.05231579609937312,
      0.04742211513924521
    ]
  },
  "generated": {
    "num_samples": 64,
    "fracture_pixel_ratio": {
      "mean": 0.2852506637573242,
      "std": 0.07233271507453357,
      "median": 0.29290771484375,
      "min": 0.10552978515625,
      "max": 0.4781494140625
    },
    "num_connected_components": {
      "mean": 19.171875,
      "std": 4.155398173987061,
      "median": 19.0,
      "min": 11.0,
      "max": 29.0
    },
    "largest_component_ratio": {
      "mean": 0.6357990631960333,
      "std": 0.21761304347643853,
      "median": 0.5907336175422921,
      "min": 0.242997542997543,
      "max": 0.9784273678835844
    },
    "mean_component_area": {
      "mean": 264.5685084838698,
      "std": 114.15712523076445,
      "median": 248.62171052631578,
      "min": 76.76923076923077,
      "max": 602.6153846153846
    },
    "skeleton_length": {
      "mean": 885.3125,
      "std": 211.4324563394892,
      "median": 892.0,
      "min": 326.0,
      "max": 1494.0
    },
    "endpoint_count": {
      "mean": 307.28125,
      "std": 88.11346888210394,
      "median": 300.0,
      "min": 103.0,
      "max": 600.0
    },
    "junction_count": {
      "mean": 4.859375,
      "std": 2.2140685647411646,
      "median": 5.0,
      "min": 1.0,
      "max": 13.0
    },
    "hough_line_count": {
      "mean": 243.78125,
      "std": 57.892267604901264,
      "median": 244.5,
      "min": 83.0,
      "max": 379.0
    },
    "orientation_histogram_mean": [
      0.07250916542437753,
      0.049863414958023315,
      0.053730022972703136,
      0.04522254361426003,
      0.05922784472157565,
      0.04286047754708036,
      0.042946335935188755,
      0.05638741167516116,
      0.04705323518111003,
      0.10270148243284648,
      0.060959335291287595,
      0.05089386302147144,
      0.05487609893089037,
      0.0626950878008161,
      0.05249907771026843,
      0.04849622983577749,
      0.05186859877886034,
      0.04520977416830177
    ]
  },
  "comparison": {
    "fracture_pixel_ratio": {
      "real_mean": 0.31942713260650635,
      "generated_mean": 0.2852506637573242,
      "absolute_mean_error": 0.03417646884918213,
      "relative_mean_error": 0.10699300181664022
    },
    "num_connected_components": {
      "real_mean": 5.650390625,
      "generated_mean": 19.171875,
      "absolute_mean_error": 13.521484375,
      "relative_mean_error": 2.393017624523937
    },
    "largest_component_ratio": {
      "real_mean": 0.7818957136580675,
      "generated_mean": 0.6357990631960333,
      "absolute_mean_error": 0.14609665046203424,
      "relative_mean_error": 0.1868492767533335
    },
    "mean_component_area": {
      "real_mean": 1532.6158772461263,
      "generated_mean": 264.5685084838698,
      "absolute_mean_error": 1268.0473687622566,
      "relative_mean_error": 0.8273745480390481
    },
    "skeleton_length": {
      "real_mean": 1345.568359375,
      "generated_mean": 885.3125,
      "absolute_mean_error": 460.255859375,
      "relative_mean_error": 0.34205312287913986
    },
    "endpoint_count": {
      "real_mean": 618.490234375,
      "generated_mean": 307.28125,
      "absolute_mean_error": 311.208984375,
      "relative_mean_error": 0.5031752598073804
    },
    "junction_count": {
      "real_mean": 0.341796875,
      "generated_mean": 4.859375,
      "absolute_mean_error": 4.517578125,
      "relative_mean_error": 13.217142470447031
    },
    "hough_line_count": {
      "real_mean": 247.603515625,
      "generated_mean": 243.78125,
      "absolute_mean_error": 3.822265625,
      "relative_mean_error": 0.015437041009686308
    },
    "orientation_l1_distance": 0.08097148998913027
  }
}