{
  "reference": {
    "num_samples": 512,
    "fracture_pixel_ratio": {
      "mean": 0.319266676902771,
      "std": 0.09616066446663966,
      "median": 0.32916259765625,
      "min": 0.11419677734375,
      "max": 0.5040283203125
    },
    "num_connected_components": {
      "mean": 5.65234375,
      "std": 3.0246762441352195,
      "median": 5.0,
      "min": 1.0,
      "max": 16.0
    },
    "largest_component_ratio": {
      "mean": 0.7815705281638199,
      "std": 0.2213958341286961,
      "median": 0.8713370717295345,
      "min": 0.14491948917268185,
      "max": 1.0
    },
    "mean_component_area": {
      "mean": 1529.4064258576711,
      "std": 1531.078566239686,
      "median": 1017.9285714285714,
      "min": 173.9375,
      "max": 7876.0
    },
    "skeleton_length": {
      "mean": 1344.439453125,
      "std": 408.44161274480336,
      "median": 1377.0,
      "min": 479.0,
      "max": 2107.0
    },
    "endpoint_count": {
      "mean": 41.318359375,
      "std": 7.189009002174751,
      "median": 41.0,
      "min": 23.0,
      "max": 66.0
    },
    "junction_count": {
      "mean": 651.171875,
      "std": 238.61114612007205,
      "median": 665.0,
      "min": 90.0,
      "max": 1181.0
    },
    "hough_line_count": {
      "mean": 246.380859375,
      "std": 89.35083515564628,
      "median": 255.0,
      "min": 74.0,
      "max": 422.0
    },
    "orientation_histogram_mean": [
      0.07324401857097618,
      0.05427995480024329,
      0.05215184178698701,
      0.05240030226388183,
      0.06326400050896631,
      0.05039215298891746,
      0.0500658878806104,
      0.05623646819481886,
      0.04222687994893467,
      0.0774541730563509,
      0.05452340079137237,
      0.05108781495324098,
      0.05213100117365921,
      0.0643049733290663,
      0.05430417168665604,
      0.05169631581641555,
      0.054201490489956546,
      0.04603515175894612
    ]
  },
  "generated": {
    "num_samples": 64,
    "fracture_pixel_ratio": {
      "mean": 0.29339599609375,
      "std": 0.08772049703665756,
      "median": 0.288848876953125,
      "min": 0.1016845703125,
      "max": 0.4857177734375
    },
    "num_connected_components": {
      "mean": 17.09375,
      "std": 5.3814459894623115,
      "median": 17.0,
      "min": 5.0,
      "max": 33.0
    },
    "largest_component_ratio": {
      "mean": 0.7648044755089276,
      "std": 0.22978962313936038,
      "median": 0.8669965015124371,
      "min": 0.21884708318950638,
      "max": 0.9982407640110581
    },
    "mean_component_area": {
      "mean": 336.8355217453228,
      "std": 240.38319799893551,
      "median": 282.7583333333333,
      "min": 79.33333333333333,
      "max": 1591.6
    },
    "skeleton_length": {
      "mean": 1246.546875,
      "std": 336.74739836075105,
      "median": 1256.5,
      "min": 510.0,
      "max": 1996.0
    },
    "endpoint_count": {
      "mean": 52.015625,
      "std": 8.02046637418143,
      "median": 52.0,
      "min": 33.0,
      "max": 76.0
    },
    "junction_count": {
      "mean": 534.5,
      "std": 168.3509169859196,
      "median": 544.5,
      "min": 178.0,
      "max": 925.0
    },
    "hough_line_count": {
      "mean": 250.328125,
      "std": 75.5994904677563,
      "median": 248.5,
      "min": 79.0,
      "max": 393.0
    },
    "orientation_histogram_mean": [
      0.07243060182659315,
      0.052984058614711255,
      0.049247014118244045,
      0.05754224712063794,
      0.07250147116394279,
      0.04932625980264356,
      0.04839841127417435,
      0.05294373510023641,
      0.03494594128027848,
      0.0695186843585776,
      0.06787726314174106,
      0.054561873128757044,
      0.05277863819353524,
      0.06248697303937588,
      0.052443635687452674,
      0.04723813828964875,
      0.055145352106100096,
      0.04762970175334975
    ]
  },
  "comparison": {
    "fracture_pixel_ratio": {
      "real_mean": 0.319266676902771,
      "generated_mean": 0.29339599609375,
      "absolute_mean_error": 0.025870680809020996,
      "relative_mean_error": 0.08103156975127698
    },
    "num_connected_components": {
      "real_mean": 5.65234375,
      "generated_mean": 17.09375,
      "absolute_mean_error": 11.44140625,
      "relative_mean_error": 2.0241879715397917
    },
    "largest_component_ratio": {
      "real_mean": 0.7815705281638199,
      "generated_mean": 0.7648044755089276,
      "absolute_mean_error": 0.016766052654892283,
      "relative_mean_error": 0.02145174598607766
    },
    "mean_component_area": {
      "real_mean": 1529.4064258576711,
      "generated_mean": 336.8355217453228,
      "absolute_mean_error": 1192.5709041123482,
      "relative_mean_error": 0.7797606208145572
    },
    "skeleton_length": {
      "real_mean": 1344.439453125,
      "generated_mean": 1246.546875,
      "absolute_mean_error": 97.892578125,
      "relative_mean_error": 0.07281293173651775
    },
    "endpoint_count": {
      "real_mean": 41.318359375,
      "generated_mean": 52.015625,
      "absolute_mean_error": 10.697265625,
      "relative_mean_error": 0.25889860546794796
    },
    "junction_count": {
      "real_mean": 651.171875,
      "generated_mean": 534.5,
      "absolute_mean_error": 116.671875,
      "relative_mean_error": 0.1791721655641351
    },
    "hough_line_count": {
      "real_mean": 246.380859375,
      "generated_mean": 250.328125,
      "absolute_mean_error": 3.947265625,
      "relative_mean_error": 0.016020991382418706
    },
    "orientation_l1_distance": 0.06878676933608104
  }
}