{
  "reference": {
    "num_samples": 512,
    "fracture_pixel_ratio": {
      "mean": 0.31942713260650635,
      "std": 0.09618480790987353,
      "median": 0.3289794921875,
      "min": 0.11492919921875,
      "max": 0.50543212890625
    },
    "num_connected_components": {
      "mean": 5.650390625,
      "std": 3.037017683503359,
      "median": 5.0,
      "min": 1.0,
      "max": 16.0
    },
    "largest_component_ratio": {
      "mean": 0.7818957136580675,
      "std": 0.2214724025602679,
      "median": 0.873657861277553,
      "min": 0.1441291040623261,
      "max": 1.0
    },
    "mean_component_area": {
      "mean": 1532.6158772461263,
      "std": 1532.0331062953826,
      "median": 1023.5571428571429,
      "min": 174.4375,
      "max": 7901.0
    },
    "skeleton_length": {
      "mean": 1345.568359375,
      "std": 409.04706714447406,
      "median": 1388.5,
      "min": 496.0,
      "max": 2098.0
    },
    "endpoint_count": {
      "mean": 618.490234375,
      "std": 219.20695108648488,
      "median": 630.5,
      "min": 109.0,
      "max": 1078.0
    },
    "junction_count": {
      "mean": 0.341796875,
      "std": 0.9552338830046987,
      "median": 0.0,
      "min": 0.0,
      "max": 10.0
    },
    "hough_line_count": {
      "mean": 247.603515625,
      "std": 90.13263353672399,
      "median": 254.0,
      "min": 76.0,
      "max": 415.0
    },
    "orientation_histogram_mean": [
      0.07406709364161282,
      0.05312999068954116,
      0.05121179592495884,
      0.05151370008872485,
      0.0630203561626511,
      0.050655119191972436,
      0.05088550915929007,
      0.05181470212157604,
      0.04318901773809301,
      0.08047090633713334,
      0.05440700636600815,
      0.05053148243912433,
      0.054490793584011404,
      0.06665160894501938,
      0.05465071042385135,
      0.04957229594781345,
      0.05231579609937312,
      0.04742211513924521
    ]
  },
  "generated": {
    "num_samples": 64,
    "fracture_pixel_ratio": {
      "mean": 0.3226299285888672,
      "std": 0.08747317329768554,
      "median": 0.334320068359375,
      "min": 0.154541015625,
      "max": 0.4859619140625
    },
    "num_connected_components": {
      "mean": 11.109375,
      "std": 3.2457529341240687,
      "median": 11.0,
      "min": 5.0,
      "max": 18.0
    },
    "largest_component_ratio": {
      "mean": 0.8398645491912495,
      "std": 0.1612138572028803,
      "median": 0.9123844948314919,
      "min": 0.396291640477687,
      "max": 0.9973794549266247
    },
    "mean_component_area": {
      "mean": 531.08617249657,
      "std": 258.8624321408645,
      "median": 494.8636363636364,
      "min": 192.53333333333333,
      "max": 1526.4
    },
    "skeleton_length": {
      "mean": 1389.859375,
      "std": 385.8453733033602,
      "median": 1411.0,
      "min": 630.0,
      "max": 2100.0
    },
    "endpoint_count": {
      "mean": 602.046875,
      "std": 188.44274907179204,
      "median": 596.0,
      "min": 208.0,
      "max": 970.0
    },
    "junction_count": {
      "mean": 3.640625,
      "std": 2.5700631527989737,
      "median": 3.0,
      "min": 0.0,
      "max": 15.0
    },
    "hough_line_count": {
      "mean": 268.515625,
      "std": 83.51777359256756,
      "median": 273.0,
      "min": 111.0,
      "max": 421.0
    },
    "orientation_histogram_mean": [
      0.07941714209746333,
      0.05123869310438081,
      0.0494948332402898,
      0.04959215030535972,
      0.06490369409691282,
      0.05332198922254784,
      0.04545147563844659,
      0.05725521034322451,
      0.04984634673902448,
      0.08683992833772895,
      0.053586156197993576,
      0.05153709803604822,
      0.05588385155645342,
      0.05561559879955149,
      0.050240706805751975,
      0.05433542382340599,
      0.04746202119309962,
      0.04397768046231679
    ]
  },
  "comparison": {
    "fracture_pixel_ratio": {
      "real_mean": 0.31942713260650635,
      "generated_mean": 0.3226299285888672,
      "absolute_mean_error": 0.00320279598236084,
      "relative_mean_error": 0.010026687012963947
    },
    "num_connected_components": {
      "real_mean": 5.650390625,
      "generated_mean": 11.109375,
      "absolute_mean_error": 5.458984375,
      "relative_mean_error": 0.9661251279133908
    },
    "largest_component_ratio": {
      "real_mean": 0.7818957136580675,
      "generated_mean": 0.8398645491912495,
      "absolute_mean_error": 0.057968835533181995,
      "relative_mean_error": 0.07413883178945799
    },
    "mean_component_area": {
      "real_mean": 1532.6158772461263,
      "generated_mean": 531.08617249657,
      "absolute_mean_error": 1001.5297047495562,
      "relative_mean_error": 0.6534773126209651
    },
    "skeleton_length": {
      "real_mean": 1345.568359375,
      "generated_mean": 1389.859375,
      "absolute_mean_error": 44.291015625,
      "relative_mean_error": 0.03291621366991973
    },
    "endpoint_count": {
      "real_mean": 618.490234375,
      "generated_mean": 602.046875,
      "absolute_mean_error": 16.443359375,
      "relative_mean_error": 0.026586287803477715
    },
    "junction_count": {
      "real_mean": 0.341796875,
      "generated_mean": 3.640625,
      "absolute_mean_error": 3.298828125,
      "relative_mean_error": 9.651428289055355
    },
    "hough_line_count": {
      "real_mean": 247.603515625,
      "generated_mean": 268.515625,
      "absolute_mean_error": 20.912109375,
      "relative_mean_error": 0.08445804705708293
    },
    "orientation_l1_distance": 0.07105783417764341
  }
}