{
  "reference": {
    "num_samples": 512,
    "fracture_pixel_ratio": {
      "mean": 0.319266676902771,
      "std": 0.09616066446663966,
      "median": 0.32916259765625,
      "min": 0.11419677734375,
      "max": 0.5040283203125
    },
    "num_connected_components": {
      "mean": 5.65234375,
      "std": 3.0246762441352195,
      "median": 5.0,
      "min": 1.0,
      "max": 16.0
    },
    "largest_component_ratio": {
      "mean": 0.7815705281638199,
      "std": 0.2213958341286961,
      "median": 0.8713370717295345,
      "min": 0.14491948917268185,
      "max": 1.0
    },
    "mean_component_area": {
      "mean": 1529.4064258576711,
      "std": 1531.078566239686,
      "median": 1017.9285714285714,
      "min": 173.9375,
      "max": 7876.0
    },
    "skeleton_length": {
      "mean": 1344.439453125,
      "std": 408.44161274480336,
      "median": 1377.0,
      "min": 479.0,
      "max": 2107.0
    },
    "endpoint_count": {
      "mean": 41.318359375,
      "std": 7.189009002174751,
      "median": 41.0,
      "min": 23.0,
      "max": 66.0
    },
    "junction_count": {
      "mean": 651.171875,
      "std": 238.61114612007205,
      "median": 665.0,
      "min": 90.0,
      "max": 1181.0
    },
    "hough_line_count": {
      "mean": 246.380859375,
      "std": 89.35083515564628,
      "median": 255.0,
      "min": 74.0,
      "max": 422.0
    },
    "orientation_histogram_mean": [
      0.07324401857097618,
      0.05427995480024329,
      0.05215184178698701,
      0.05240030226388183,
      0.06326400050896631,
      0.05039215298891746,
      0.0500658878806104,
      0.05623646819481886,
      0.04222687994893467,
      0.0774541730563509,
      0.05452340079137237,
      0.05108781495324098,
      0.05213100117365921,
      0.0643049733290663,
      0.05430417168665604,
      0.05169631581641555,
      0.054201490489956546,
      0.04603515175894612
    ]
  },
  "generated": {
    "num_samples": 64,
    "fracture_pixel_ratio": {
      "mean": 0.3352384567260742,
      "std": 0.09300790066181633,
      "median": 0.33746337890625,
      "min": 0.13922119140625,
      "max": 0.50091552734375
    },
    "num_connected_components": {
      "mean": 9.4375,
      "std": 3.282886496667224,
      "median": 9.0,
      "min": 3.0,
      "max": 19.0
    },
    "largest_component_ratio": {
      "mean": 0.8481569058340463,
      "std": 0.17291701557989317,
      "median": 0.9434513315939168,
      "min": 0.319596668128014,
      "max": 0.9997482693517936
    },
    "mean_component_area": {
      "mean": 688.9578525275895,
      "std": 420.6007754374663,
      "median": 558.0982142857142,
      "min": 162.92857142857142,
      "max": 2648.3333333333335
    },
    "skeleton_length": {
      "mean": 1393.0,
      "std": 393.55090204444963,
      "median": 1385.5,
      "min": 529.0,
      "max": 2144.0
    },
    "endpoint_count": {
      "mean": 42.3125,
      "std": 8.540116729295917,
      "median": 42.0,
      "min": 25.0,
      "max": 66.0
    },
    "junction_count": {
      "mean": 649.015625,
      "std": 220.39513465786712,
      "median": 631.0,
      "min": 205.0,
      "max": 1125.0
    },
    "hough_line_count": {
      "mean": 273.234375,
      "std": 82.23019179935905,
      "median": 274.0,
      "min": 113.0,
      "max": 439.0
    },
    "orientation_histogram_mean": [
      0.08062359065852465,
      0.05027764575292377,
      0.050035202774256576,
      0.05261583057024563,
      0.06691584847365667,
      0.05261253941573844,
      0.04881252498036128,
      0.04791834892936891,
      0.04518078770176981,
      0.07780925495243572,
      0.05939257566866783,
      0.055117727299621756,
      0.04859744242806421,
      0.06735647714141313,
      0.04742374479676857,
      0.04814666247040073,
      0.05527772827638044,
      0.04588606770940187
    ]
  },
  "comparison": {
    "fracture_pixel_ratio": {
      "real_mean": 0.319266676902771,
      "generated_mean": 0.3352384567260742,
      "absolute_mean_error": 0.015971779823303223,
      "relative_mean_error": 0.05002645273845074
    },
    "num_connected_components": {
      "real_mean": 5.65234375,
      "generated_mean": 9.4375,
      "absolute_mean_error": 3.78515625,
      "relative_mean_error": 0.669661367163557
    },
    "largest_component_ratio": {
      "real_mean": 0.7815705281638199,
      "generated_mean": 0.8481569058340463,
      "absolute_mean_error": 0.06658637767022646,
      "relative_mean_error": 0.08519560860963482
    },
    "mean_component_area": {
      "real_mean": 1529.4064258576711,
      "generated_mean": 688.9578525275895,
      "absolute_mean_error": 840.4485733300817,
      "relative_mean_error": 0.5495259854510379
    },
    "skeleton_length": {
      "real_mean": 1344.439453125,
      "generated_mean": 1393.0,
      "absolute_mean_error": 48.560546875,
      "relative_mean_error": 0.03611954912641489
    },
    "endpoint_count": {
      "real_mean": 41.318359375,
      "generated_mean": 42.3125,
      "absolute_mean_error": 0.994140625,
      "relative_mean_error": 0.02406050578477004
    },
    "junction_count": {
      "real_mean": 651.171875,
      "generated_mean": 649.015625,
      "absolute_mean_error": 2.15625,
      "relative_mean_error": 0.0033113377324026573
    },
    "hough_line_count": {
      "real_mean": 246.380859375,
      "generated_mean": 273.234375,
      "absolute_mean_error": 26.853515625,
      "relative_mean_error": 0.10899189040914141
    },
    "orientation_l1_distance": 0.059606306513581085
  }
}