metric,real_mean,generated_mean,absolute_mean_error,relative_mean_error
fracture_pixel_ratio,0.12433981895446777,0.12236595153808594,0.001973867416381836,0.015874779891362486
num_connected_components,33.453125,33.40625,0.046875,0.0014012143853821685
largest_component_ratio,0.11276825349363936,0.11677056223278241,0.004002308739143048,0.03549144604296223
mean_component_area,61.56498129478885,60.7814133338244,0.7835679609644473,0.01272749450024599
skeleton_length,410.35546875,401.96875,8.38671875,0.020437692168067696
endpoint_count,141.08203125,139.15625,1.92578125,0.013650081678020206
junction_count,0.07421875,0.109375,0.03515625,0.47368414670360975
hough_line_count,121.77734375,118.171875,3.60546875,0.02960705693421671
orientation_l1_distance,,0.07085736579469508,,
