{
  "reference": {
    "num_samples": 512,
    "fracture_pixel_ratio": {
      "mean": 0.319266676902771,
      "std": 0.09616066446663966,
      "median": 0.32916259765625,
      "min": 0.11419677734375,
      "max": 0.5040283203125
    },
    "num_connected_components": {
      "mean": 5.65234375,
      "std": 3.0246762441352195,
      "median": 5.0,
      "min": 1.0,
      "max": 16.0
    },
    "largest_component_ratio": {
      "mean": 0.7815705281638199,
      "std": 0.2213958341286961,
      "median": 0.8713370717295345,
      "min": 0.14491948917268185,
      "max": 1.0
    },
    "mean_component_area": {
      "mean": 1529.4064258576711,
      "std": 1531.078566239686,
      "median": 1017.9285714285714,
      "min": 173.9375,
      "max": 7876.0
    },
    "skeleton_length": {
      "mean": 1344.439453125,
      "std": 408.44161274480336,
      "median": 1377.0,
      "min": 479.0,
      "max": 2107.0
    },
    "endpoint_count": {
      "mean": 41.318359375,
      "std": 7.189009002174751,
      "median": 41.0,
      "min": 23.0,
      "max": 66.0
    },
    "junction_count": {
      "mean": 651.171875,
      "std": 238.61114612007205,
      "median": 665.0,
      "min": 90.0,
      "max": 1181.0
    },
    "hough_line_count": {
      "mean": 246.380859375,
      "std": 89.35083515564628,
      "median": 255.0,
      "min": 74.0,
      "max": 422.0
    },
    "orientation_histogram_mean": [
      0.07324401857097618,
      0.05427995480024329,
      0.05215184178698701,
      0.05240030226388183,
      0.06326400050896631,
      0.05039215298891746,
      0.0500658878806104,
      0.05623646819481886,
      0.04222687994893467,
      0.0774541730563509,
      0.05452340079137237,
      0.05108781495324098,
      0.05213100117365921,
      0.0643049733290663,
      0.05430417168665604,
      0.05169631581641555,
      0.054201490489956546,
      0.04603515175894612
    ]
  },
  "generated": {
    "num_samples": 64,
    "fracture_pixel_ratio": {
      "mean": 0.32075977325439453,
      "std": 0.08702968360492427,
      "median": 0.32220458984375,
      "min": 0.12396240234375,
      "max": 0.527587890625
    },
    "num_connected_components": {
      "mean": 13.21875,
      "std": 4.248046426005724,
      "median": 13.0,
      "min": 3.0,
      "max": 25.0
    },
    "largest_component_ratio": {
      "mean": 0.8126051734530133,
      "std": 0.2030841790544602,
      "median": 0.9212081251840636,
      "min": 0.2809956917185256,
      "max": 0.9981066122924556
    },
    "mean_component_area": {
      "mean": 478.399282877629,
      "std": 321.56598952536154,
      "median": 416.5416666666667,
      "min": 101.55,
      "max": 2288.6666666666665
    },
    "skeleton_length": {
      "mean": 1385.125,
      "std": 368.4068954634264,
      "median": 1390.5,
      "min": 570.0,
      "max": 2261.0
    },
    "endpoint_count": {
      "mean": 48.734375,
      "std": 7.458724311795885,
      "median": 49.0,
      "min": 33.0,
      "max": 69.0
    },
    "junction_count": {
      "mean": 622.140625,
      "std": 199.64271737183248,
      "median": 643.0,
      "min": 194.0,
      "max": 1108.0
    },
    "hough_line_count": {
      "mean": 269.625,
      "std": 73.1722069846195,
      "median": 278.0,
      "min": 107.0,
      "max": 420.0
    },
    "orientation_histogram_mean": [
      0.08236365389201404,
      0.059907315416540846,
      0.05099359840877388,
      0.04362992963227918,
      0.06345648229596973,
      0.051618257307587546,
      0.051260592180569366,
      0.04748593003116245,
      0.03827350760805372,
      0.07847632936274498,
      0.054856730287565166,
      0.05428882183271516,
      0.05627832886310961,
      0.06400571307716436,
      0.054132391890015986,
      0.04781267544315009,
      0.04929812150317115,
      0.05186162096741278
    ]
  },
  "comparison": {
    "fracture_pixel_ratio": {
      "real_mean": 0.319266676902771,
      "generated_mean": 0.32075977325439453,
      "absolute_mean_error": 0.0014930963516235352,
      "relative_mean_error": 0.00467664311021037
    },
    "num_connected_components": {
      "real_mean": 5.65234375,
      "generated_mean": 13.21875,
      "absolute_mean_error": 7.56640625,
      "relative_mean_error": 1.338631649324881
    },
    "largest_component_ratio": {
      "real_mean": 0.7815705281638199,
      "generated_mean": 0.8126051734530133,
      "absolute_mean_error": 0.03103464528919342,
      "relative_mean_error": 0.03970805419828715
    },
    "mean_component_area": {
      "real_mean": 1529.4064258576711,
      "generated_mean": 478.399282877629,
      "absolute_mean_error": 1051.007142980042,
      "relative_mean_error": 0.6871993769633726
    },
    "skeleton_length": {
      "real_mean": 1344.439453125,
      "generated_mean": 1385.125,
      "absolute_mean_error": 40.685546875,
      "relative_mean_error": 0.03026208936380761
    },
    "endpoint_count": {
      "real_mean": 41.318359375,
      "generated_mean": 48.734375,
      "absolute_mean_error": 7.416015625,
      "relative_mean_error": 0.17948475533353997
    },
    "junction_count": {
      "real_mean": 651.171875,
      "generated_mean": 622.140625,
      "absolute_mean_error": 29.03125,
      "relative_mean_error": 0.04458308338263867
    },
    "hough_line_count": {
      "real_mean": 246.380859375,
      "generated_mean": 269.625,
      "absolute_mean_error": 23.244140625,
      "relative_mean_error": 0.09434231491448046
    },
    "orientation_l1_distance": 0.063781151845892
  }
}