{
  "reference": {
    "num_samples": 512,
    "fracture_pixel_ratio": {
      "mean": 0.31942713260650635,
      "std": 0.09618480790987353,
      "median": 0.3289794921875,
      "min": 0.11492919921875,
      "max": 0.50543212890625
    },
    "num_connected_components": {
      "mean": 5.650390625,
      "std": 3.037017683503359,
      "median": 5.0,
      "min": 1.0,
      "max": 16.0
    },
    "largest_component_ratio": {
      "mean": 0.7818957136580675,
      "std": 0.2214724025602679,
      "median": 0.873657861277553,
      "min": 0.1441291040623261,
      "max": 1.0
    },
    "mean_component_area": {
      "mean": 1532.6158772461263,
      "std": 1532.0331062953826,
      "median": 1023.5571428571429,
      "min": 174.4375,
      "max": 7901.0
    },
    "skeleton_length": {
      "mean": 1345.568359375,
      "std": 409.04706714447406,
      "median": 1388.5,
      "min": 496.0,
      "max": 2098.0
    },
    "endpoint_count": {
      "mean": 618.490234375,
      "std": 219.20695108648488,
      "median": 630.5,
      "min": 109.0,
      "max": 1078.0
    },
    "junction_count": {
      "mean": 0.341796875,
      "std": 0.9552338830046987,
      "median": 0.0,
      "min": 0.0,
      "max": 10.0
    },
    "hough_line_count": {
      "mean": 247.603515625,
      "std": 90.13263353672399,
      "median": 254.0,
      "min": 76.0,
      "max": 415.0
    },
    "orientation_histogram_mean": [
      0.07406709364161282,
      0.05312999068954116,
      0.05121179592495884,
      0.05151370008872485,
      0.0630203561626511,
      0.050655119191972436,
      0.05088550915929007,
      0.05181470212157604,
      0.04318901773809301,
      0.08047090633713334,
      0.05440700636600815,
      0.05053148243912433,
      0.054490793584011404,
      0.06665160894501938,
      0.05465071042385135,
      0.04957229594781345,
      0.05231579609937312,
      0.04742211513924521
    ]
  },
  "generated": {
    "num_samples": 64,
    "fracture_pixel_ratio": {
      "mean": 0.22382354736328125,
      "std": 0.04864273460794187,
      "median": 0.218994140625,
      "min": 0.09661865234375,
      "max": 0.348876953125
    },
    "num_connected_components": {
      "mean": 17.484375,
      "std": 3.58814100327384,
      "median": 18.0,
      "min": 11.0,
      "max": 24.0
    },
    "largest_component_ratio": {
      "mean": 0.5205321860479092,
      "std": 0.2089841961389379,
      "median": 0.4610421548634683,
      "min": 0.19898926089703095,
      "max": 0.945591322603219
    },
    "mean_component_area": {
      "mean": 223.00025480166286,
      "std": 80.10361214962512,
      "median": 209.3985294117647,
      "min": 83.3157894736842,
      "max": 476.3333333333333
    },
    "skeleton_length": {
      "mean": 677.1875,
      "std": 132.6441285687007,
      "median": 685.0,
      "min": 334.0,
      "max": 1020.0
    },
    "endpoint_count": {
      "mean": 211.4375,
      "std": 52.55202035840297,
      "median": 214.0,
      "min": 80.0,
      "max": 366.0
    },
    "junction_count": {
      "mean": 3.390625,
      "std": 1.8423591152039278,
      "median": 3.0,
      "min": 0.0,
      "max": 8.0
    },
    "hough_line_count": {
      "mean": 196.203125,
      "std": 40.92530531632446,
      "median": 200.5,
      "min": 81.0,
      "max": 308.0
    },
    "orientation_histogram_mean": [
      0.08272785737216273,
      0.0615421085512169,
      0.048725567550910925,
      0.046798975461549805,
      0.05713250348623341,
      0.04307791658596099,
      0.04853415679506779,
      0.06504934252040341,
      0.04762148141386996,
      0.0826536855129313,
      0.05678427527923121,
      0.04958964253722427,
      0.04323806558940728,
      0.05278789080511438,
      0.04205919539689576,
      0.05000720819374279,
      0.07397286962222997,
      0.04769725732584717
    ]
  },
  "comparison": {
    "fracture_pixel_ratio": {
      "real_mean": 0.31942713260650635,
      "generated_mean": 0.22382354736328125,
      "absolute_mean_error": 0.0956035852432251,
      "relative_mean_error": 0.2992969991939494
    },
    "num_connected_components": {
      "real_mean": 5.650390625,
      "generated_mean": 17.484375,
      "absolute_mean_error": 11.833984375,
      "relative_mean_error": 2.0943657066287065
    },
    "largest_component_ratio": {
      "real_mean": 0.7818957136580675,
      "generated_mean": 0.5205321860479092,
      "absolute_mean_error": 0.26136352761015835,
      "relative_mean_error": 0.33426903319969525
    },
    "mean_component_area": {
      "real_mean": 1532.6158772461263,
      "generated_mean": 223.00025480166286,
      "absolute_mean_error": 1309.6156224444635,
      "relative_mean_error": 0.8544969694487933
    },
    "skeleton_length": {
      "real_mean": 1345.568359375,
      "generated_mean": 677.1875,
      "absolute_mean_error": 668.380859375,
      "relative_mean_error": 0.49672753874837505
    },
    "endpoint_count": {
      "real_mean": 618.490234375,
      "generated_mean": 211.4375,
      "absolute_mean_error": 407.052734375,
      "relative_mean_error": 0.6581393072111408
    },
    "junction_count": {
      "real_mean": 0.341796875,
      "generated_mean": 3.390625,
      "absolute_mean_error": 3.048828125,
      "relative_mean_error": 8.919999739026293
    },
    "hough_line_count": {
      "real_mean": 247.603515625,
      "generated_mean": 196.203125,
      "absolute_mean_error": 51.400390625,
      "relative_mean_error": 0.2075915218456385
    },
    "orientation_l1_distance": 0.1233343234224783
  }
}